{"cameraMode":{"drawMode":0,"name":"Shaded","section":"Shading Mode"},"sceneLighting":false,"audioPlay":false,"sceneViewState":{"showFog":true,"showMaterialUpdate":false,"showSkybox":false,"showFlares":true,"showImageEffects":true,"showParticleSystems":true},"in2DMode":false,"pivot":{"x":1.0141404867172242,"y":0.22493195533752442,"z":1.3778297901153565},"rotation":{"x":-0.3050176501274109,"y":-0.06934873759746552,"z":0.022275976836681367,"w":-0.9495578408241272},"size":7.935739040374756,"orthographic":false}