{"cameraMode":{"drawMode":0,"name":"Shaded","section":"Shading Mode"},"sceneLighting":false,"audioPlay":false,"sceneViewState":{"showFog":true,"showMaterialUpdate":false,"showSkybox":false,"showFlares":true,"showImageEffects":true,"showParticleSystems":true},"in2DMode":false,"pivot":{"x":5.704201698303223,"y":1.8393638134002686,"z":10.981884002685547},"rotation":{"x":-0.06308694928884506,"y":-0.8229451179504395,"z":0.09323187917470932,"w":-0.5568587779998779},"size":7.222177505493164,"orthographic":false}