{"cameraMode":{"drawMode":0,"name":"Shaded","section":"Shading Mode"},"sceneLighting":true,"audioPlay":false,"sceneViewState":{"showFog":true,"showMaterialUpdate":false,"showSkybox":true,"showFlares":true,"showImageEffects":true,"showParticleSystems":true},"in2DMode":false,"pivot":{"x":-6.80855131149292,"y":1.8924583196640015,"z":-7.382902145385742},"rotation":{"x":-0.3279591500759125,"y":-0.32555294036865237,"z":0.12153980135917664,"w":-0.8784613013267517},"size":1.5852086544036866,"orthographic":false}