{"cameraMode":{"drawMode":0,"name":"Shaded","section":"Shading Mode"},"sceneLighting":true,"audioPlay":false,"sceneViewState":{"showFog":true,"showMaterialUpdate":false,"showSkybox":true,"showFlares":true,"showImageEffects":true,"showParticleSystems":true},"in2DMode":false,"pivot":{"x":0.3085477352142334,"y":1.2608243227005005,"z":-3.426910400390625},"rotation":{"x":-0.3525564670562744,"y":-0.006459936499595642,"z":0.0024335593916475775,"w":-0.9357687830924988},"size":31.52707862854004,"orthographic":false}