{"cameraMode":{"drawMode":0,"name":"Shaded","section":"Shading Mode"},"sceneLighting":true,"audioPlay":false,"sceneViewState":{"showFog":true,"showMaterialUpdate":false,"showSkybox":true,"showFlares":true,"showImageEffects":true,"showParticleSystems":true},"in2DMode":false,"pivot":{"x":41.75425720214844,"y":6.443880081176758,"z":34.43681335449219},"rotation":{"x":0.11162488907575607,"y":-0.8880047798156738,"z":0.3014984428882599,"w":0.3287927806377411},"size":48.57109832763672,"orthographic":false}