{"cameraMode":{"drawMode":31,"name":"Sprite Mask","section":"Miscellaneous"},"sceneLighting":false,"audioPlay":false,"sceneViewState":{"showFog":true,"showMaterialUpdate":false,"showSkybox":true,"showFlares":true,"showImageEffects":true,"showParticleSystems":true},"in2DMode":false,"pivot":{"x":-2.7617321014404299,"y":0.25885963439941409,"z":1.684675931930542},"rotation":{"x":0.07311525195837021,"y":-0.8382643461227417,"z":-0.11616583913564682,"w":-0.5277684926986694},"size":0.6420778036117554,"orthographic":false}