{"cameraMode":{"drawMode":0,"name":"Shaded","section":"Shading Mode"},"sceneLighting":false,"audioPlay":false,"sceneViewState":{"showFog":true,"showMaterialUpdate":false,"showSkybox":false,"showFlares":true,"showImageEffects":true,"showParticleSystems":true},"in2DMode":false,"pivot":{"x":-1.6886920928955079,"y":-2.1766138076782228,"z":5.321356773376465},"rotation":{"x":0.17990432679653169,"y":-0.20028449594974519,"z":0.03744778037071228,"w":0.9623614549636841},"size":7.939250946044922,"orthographic":false}