{"cameraMode":{"drawMode":0,"name":"Shaded","section":"Shading Mode"},"sceneLighting":false,"audioPlay":false,"sceneViewState":{"showFog":true,"showMaterialUpdate":false,"showSkybox":false,"showFlares":true,"showImageEffects":true,"showParticleSystems":true},"in2DMode":false,"pivot":{"x":-4.336604118347168,"y":-11.145371437072754,"z":8.34954833984375},"rotation":{"x":0.23249560594558717,"y":-0.2543758153915405,"z":0.06315108388662338,"w":0.9366335868835449},"size":8.781123161315918,"orthographic":false}