{"cameraMode":{"drawMode":0,"name":"Shaded","section":"Shading Mode"},"sceneLighting":true,"audioPlay":false,"sceneViewState":{"showFog":true,"showMaterialUpdate":false,"showSkybox":true,"showFlares":true,"showImageEffects":true,"showParticleSystems":true},"in2DMode":false,"pivot":{"x":-4.332408428192139,"y":12.8914155960083,"z":8.328230857849121},"rotation":{"x":0.009790035896003247,"y":-0.9560453295707703,"z":0.2913561761379242,"w":0.03214217349886894},"size":14.739654541015625,"orthographic":false}