{"cameraMode":{"drawMode":31,"name":"Sprite Mask","section":"Miscellaneous"},"sceneLighting":false,"audioPlay":false,"sceneViewState":{"showFog":true,"showMaterialUpdate":false,"showSkybox":true,"showFlares":true,"showImageEffects":true,"showParticleSystems":true},"in2DMode":false,"pivot":{"x":-6.201968193054199,"y":-4.36555290222168,"z":1.3683509826660157},"rotation":{"x":-0.05691272392868996,"y":-0.9363455772399902,"z":0.296133428812027,"w":-0.1799778789281845},"size":46.993988037109378,"orthographic":false}