{"cameraMode":{"drawMode":0,"name":"Shaded","section":"Shading Mode"},"sceneLighting":true,"audioPlay":false,"sceneViewState":{"showFog":true,"showMaterialUpdate":false,"showSkybox":true,"showFlares":true,"showImageEffects":true,"showParticleSystems":true},"in2DMode":false,"pivot":{"x":2.795948028564453,"y":-0.10013580322265625,"z":1.586367130279541},"rotation":{"x":0.3058423399925232,"y":0.5566388368606567,"z":-0.2309606820344925,"w":0.7370886206626892},"size":17.877960205078126,"orthographic":false}