{"cameraMode":{"drawMode":0,"name":"Shaded","section":"Shading Mode"},"sceneLighting":false,"audioPlay":false,"sceneViewState":{"showFog":true,"showMaterialUpdate":false,"showSkybox":false,"showFlares":true,"showImageEffects":true,"showParticleSystems":true},"in2DMode":false,"pivot":{"x":-0.19145932793617249,"y":0.6202434301376343,"z":-0.28189730644226076},"rotation":{"x":0.011197943240404129,"y":-0.9801550507545471,"z":0.18932697176933289,"w":0.05800120159983635},"size":2.793731689453125,"orthographic":false}