{"cameraMode":{"drawMode":0,"name":"Shaded","section":"Shading Mode"},"sceneLighting":false,"audioPlay":false,"sceneViewState":{"showFog":true,"showMaterialUpdate":false,"showSkybox":false,"showFlares":true,"showImageEffects":true,"showParticleSystems":true},"in2DMode":false,"pivot":{"x":5.2953596115112309,"y":1.9598734378814698,"z":6.3479905128479},"rotation":{"x":-0.3818061649799347,"y":0.01580045558512211,"z":-0.006528516765683889,"w":-0.9240854978561401},"size":7.163522720336914,"orthographic":false}