{"cameraMode":{"drawMode":0,"name":"Shaded","section":"Shading Mode"},"sceneLighting":true,"audioPlay":false,"sceneViewState":{"showFog":true,"showMaterialUpdate":false,"showSkybox":true,"showFlares":true,"showImageEffects":true,"showParticleSystems":true},"in2DMode":false,"pivot":{"x":-7.861975193023682,"y":-5.275908470153809,"z":-5.97213077545166},"rotation":{"x":-0.2652781307697296,"y":0.4460684359073639,"z":-0.14033964276313783,"w":-0.8431894183158875},"size":23.31187629699707,"orthographic":false}